CREATE TABLE channel(
  id TEXT PRIMARY KEY NOT NULL,
  name TEXT NOT NULL,
  logo TEXT,
  country TEXT,
  subdivision TEXT,
  city TEXT,
  categories TEXT
);
CREATE TABLE stream(
  channel TEXT,
  url TEXT PRIMARY KEY NOT NULL,
  http_referrer TEXT,
  user_agent TEXT,
  resolution TEXT,
  update_time TEXT
);
CREATE TABLE country(
  code TEXT PRIMARY KEY NOT NULL,
  name TEXT NOT NULL
);
CREATE TABLE subdivision(
  name TEXT NOT NULL,
  country TEXT NOT NULL
);
CREATE TABLE city(
  name TEXT NOT NULL,
  subdivision TEXT NOT NULL
);
-- init channel
insert into channel values
('CCTV4K.cn','CCTV4K','http://epg.51zmt.top:8000/tb1/CCTV/CCTV4k.png','cn','','','央视'),
('CCTV1.cn','CCTV-1 综合','http://epg.51zmt.top:8000/tb1/CCTV/CCTV1.png','cn','','','央视'),
('CCTVPlus1.cn','CCTV+ 1','http://epg.51zmt.top:8000/tb1/CCTV/CCTV1.png','cn','','','央视'),
('CCTVPlus2.cn','CCTV+ 2','http://epg.51zmt.top:8000/tb1/CCTV/CCTV1.png','cn','','','央视'),
('CCTV2.cn','CCTV-2 财经','http://epg.51zmt.top:8000/tb1/CCTV/CCTV2.png','cn','','','央视'),
('CCTV3.cn','CCTV-3 综艺','http://epg.51zmt.top:8000/tb1/CCTV/CCTV3.png','cn','','','央视'),
('CCTV4.cn','CCTV-4 中文国际','http://epg.51zmt.top:8000/tb1/CCTV/CCTV4.png','cn','','','央视'),
('CCTV4-EuropeHD.cn','CCTV-4 中文国际-欧洲HD','','cn','','','央视'),
('CCTV4-AmericaHD.cn','CCTV-4 中文国际-美洲HD','','cn','','','央视'),
('CCTV5.cn','CCTV-5 体育','http://epg.51zmt.top:8000/tb1/CCTV/CCTV5.png','cn','','','央视'),
('CCTV5Plus.cn','CCTV-5+ 体育赛事','http://epg.51zmt.top:8000/tb1/CCTV/CCTV5+.png','cn','','','央视'),
('CCTV6.cn','CCTV-6 电影','http://epg.51zmt.top:8000/tb1/CCTV/CCTV6.png','cn','','','央视'),
('CCTV7.cn','CCTV-7 国防军事','http://epg.51zmt.top:8000/tb1/CCTV/CCTV7.png','cn','','','央视'),
('CCTV8.cn','CCTV-8 电视剧','http://epg.51zmt.top:8000/tb1/CCTV/CCTV8.png','cn','','','央视'),
('CCTV9.cn','CCTV-9 记录','http://epg.51zmt.top:8000/tb1/CCTV/CCTV9.png','cn','','','央视'),
('CCTV10.cn','CCTV-10 科教','http://epg.51zmt.top:8000/tb1/CCTV/CCTV10.png','cn','','','央视'),
('CCTV11.cn','CCTV-11 戏曲','http://epg.51zmt.top:8000/tb1/CCTV/CCTV11.png','cn','','','央视'),
('CCTV12.cn','CCTV-12 社会与法','http://epg.51zmt.top:8000/tb1/CCTV/CCTV12.png','cn','','','央视'),
('CCTV13.cn','CCTV-13 新闻','http://epg.51zmt.top:8000/tb1/CCTV/CCTV13.png','cn','','','央视'),
('CCTV14.cn','CCTV-14 少儿','http://epg.51zmt.top:8000/tb1/CCTV/CCTV14.png','cn','','','央视'),
('CCTV15.cn','CCTV-15 音乐','http://epg.51zmt.top:8000/tb1/CCTV/CCTV15.png','cn','','','央视'),
('CCTV16.cn','CCTV-16','http://epg.51zmt.top:8000/tb1/CCTV/CCTV16.png','cn','','','央视'),
('CCTV16-Olympics.cn','CCTV-16 奥林匹克','http://epg.51zmt.top:8000/tb1/CCTV/CCTV16.png','cn','','','央视'),
('CCTV17.cn','CCTV-17 农村农业','http://epg.51zmt.top:8000/tb1/CCTV/CCTV17.png','cn','','','央视'),
('CCTV-兵器科教.cn','CCTV-兵器科教','','cn','','','央视'),
('CCTV-第一剧场.cn','CCTV-第一剧场','','cn','','','央视'),
('CCTV-世界地理.cn','CCTV-世界地理','','cn','','','央视'),
('CCTV-风云剧场.cn','CCTV-风云剧场','','cn','','','央视'),
('CCTV-风云足球.cn','CCTV-风云足球','','cn','','','央视'),
('CCTV-风云音乐.cn','CCTV-风云音乐','','cn','','','央视'),
('CCTV-女性时尚.cn','CCTV-女性时尚','','cn','','','央视'),
('CCTV-怀旧剧场.cn','CCTV-怀旧剧场','','cn','','','央视'),
('CCTV-老故事.cn','CCTV-老故事','','cn','','','央视'),
('安徽卫视.cn','安徽卫视','http://epg.51zmt.top:8000/tb1/ws/anhui.png','cn','安徽','','卫视'),
('东南卫视.cn','东南卫视','http://epg.51zmt.top:8000/tb1/ws/dongnan.png','cn','','','卫视'),
('北京卫视.cn','北京卫视','http://epg.51zmt.top:8000/tb1/ws/beijing.png','cn','北京','北京','卫视'),
('天津卫视.cn','天津卫视','http://epg.51zmt.top:8000/tb1/ws/tianjin.png','cn','天津','天津','卫视'),
('浙江卫视.cn','浙江卫视','http://epg.51zmt.top:8000/tb1/ws/zhejiang.png','cn','浙江','浙江','卫视'),
('湖南卫视.cn','湖南卫视','http://epg.51zmt.top:8000/tb1/ws/hunan.png','cn','湖南','湖南','卫视'),
('江苏卫视.cn','江苏卫视','http://epg.51zmt.top:8000/tb1/ws/jiangsu.png','cn','江苏','江苏','卫视'),
('东方卫视.cn','东方卫视','http://epg.51zmt.top:8000/tb1/ws/dongfang.png','cn','','','卫视'),
('广东卫视.cn','广东卫视','http://epg.51zmt.top:8000/tb1/ws/guangdong.png','cn','广东','广东','卫视'),
('深圳卫视.cn','深圳卫视','http://epg.51zmt.top:8000/tb1/ws/shenzhen.png','cn','广东','深圳','卫视'),
('山东卫视.cn','山东卫视','http://epg.51zmt.top:8000/tb1/ws/shandong.png','cn','山东','','卫视'),
('山西卫视.cn','山西卫视','http://epg.51zmt.top:8000/tb1/ws/shanxi_.png','cn','山西','','卫视'),
('辽宁卫视.cn','辽宁卫视','http://epg.51zmt.top:8000/tb1/ws/liaoning.png','cn','辽宁','','卫视'),
('江西卫视.cn','江西卫视','http://epg.51zmt.top:8000/tb1/ws/jiangxi.png','cn','江西','','卫视'),
('黑龙江卫视.cn','黑龙江卫视','http://epg.51zmt.top:8000/tb1/ws/heilongjiang.png','cn','黑龙江','','卫视'),
('吉林卫视.cn','吉林卫视','http://epg.51zmt.top:8000/tb1/ws/jilin.png','cn','吉林','','卫视'),
('贵州卫视.cn','贵州卫视','http://epg.51zmt.top:8000/tb1/ws/guizhou.png','cn','贵州','','卫视'),
('四川卫视.cn','四川卫视','http://epg.51zmt.top:8000/tb1/ws/sichuan.png','cn','四川','','卫视'),
('甘肃卫视.cn','甘肃卫视','http://epg.51zmt.top:8000/tb1/ws/gansu.png','cn','甘肃','','卫视'),
('湖北卫视.cn','湖北卫视','http://epg.51zmt.top:8000/tb1/ws/hubei.png','cn','湖北','','卫视'),
('河北卫视.cn','河北卫视','http://epg.51zmt.top:8000/tb1/ws/hebei.png','cn','河北','','卫视'),
('河南卫视.cn','河南卫视','http://epg.51zmt.top:8000/tb1/ws/henan.png','cn','河南','','卫视'),
('重庆卫视.cn','重庆卫视','http://epg.51zmt.top:8000/tb1/ws/chongqing.png','cn','重庆','','卫视'),
('云南卫视.cn','云南卫视','http://epg.51zmt.top:8000/tb1/ws/yunnan.png','cn','云南','','卫视'),
('陕西卫视.cn','陕西卫视','http://epg.51zmt.top:8000/tb1/ws/shanxi.png','cn','陕西','','卫视'),
('青海卫视.cn','青海卫视','http://epg.51zmt.top:8000/tb1/ws/qinghai.png','cn','青海','','卫视'),
('宁夏卫视.cn','宁夏卫视','http://epg.51zmt.top:8000/tb1/ws/ningxia.png','cn','宁夏','','卫视'),
('海南卫视.cn','海南卫视','http://epg.51zmt.top:8000/tb1/ws/henan.png','cn','海南','','卫视'),
('内蒙古卫视.cn','内蒙古卫视','http://epg.51zmt.top:8000/tb1/ws/neimeng.png','cn','内蒙古','','卫视'),
('新疆卫视.cn','新疆卫视','http://epg.51zmt.top:8000/tb1/ws/xinjiang.png','cn','新疆','','卫视'),
('西藏卫视.cn','西藏卫视','http://epg.51zmt.top:8000/tb1/ws/xizang.png','cn','西藏','','卫视'),
('香港卫视.cn','香港卫视','http://epg.51zmt.top:8000/tb1/gt/hks.png','cn','香港','','卫视'),
('亚旅卫视.cn','亚旅卫视','','cn','','','卫视'),
('莲花卫视.cn','莲花卫视','','cn','','','卫视'),
('上海卫视.cn','上海卫视','','cn','上海','','卫视'),
('上海纪实.cn','上海纪实','','cn','上海','','卫视'),
('金鹰纪实.cn','金鹰纪实','','cn','','','卫视'),
('广西卫视.cn','广西卫视','http://epg.51zmt.top:8000/tb1/ws/guangxi.png','cn','广西','','卫视'),
('厦门卫视.cn','厦门卫视','http://epg.51zmt.top:8000/tb1/ws/xiamen.png','cn','福建','厦门','卫视'),
('三沙卫视.cn','三沙卫视','http://epg.51zmt.top:8000/tb1/ws/sansha.png','cn','海南','三沙','卫视'),
('兵团卫视.cn','兵团卫视','http://epg.51zmt.top:8000/tb1/ws/bingtuan.png','cn','','','卫视'),
('康巴卫视.cn','康巴卫视','http://epg.51zmt.top:8000/tb1/ws/kangba.png','cn','','','卫视'),
('海峡卫视.cn','海峡卫视','http://epg.51zmt.top:8000/tb1/ws/haixia.png','cn','','','卫视'),
('旅游卫视.cn','旅游卫视','http://epg.51zmt.top:8000/tb1/ws/lvyou.png','cn','','','卫视'),
('陕西农林卫视.cn','陕西农林卫视','https://www.hualigs.cn/image/61e11bc19813a.jpg','cn','陕西','','卫视'),
('青海安多卫视.cn','青海安多卫视','https://www.hualigs.cn/image/61e1349911a49.jpg','cn','青海','','卫视'),
('人间卫视.cn','人间卫视','http://epg.51zmt.top:8000/tb1/gt/BeautifulLife.png','cn','辽宁','大连',''),
('大连-1.cn','大连-1','http://epg.51zmt.top:8000/tb1/gt/BeautifulLife.png','cn','辽宁','大连',''),
('大连-2.cn','大连-2','http://epg.51zmt.top:8000/tb1/gt/BeautifulLife.png','cn','辽宁','大连',''),
('大连-3.cn','大连-3','http://epg.51zmt.top:8000/tb1/gt/BeautifulLife.png','cn','辽宁','大连',''),
('大连-4.cn','大连-4','http://epg.51zmt.top:8000/tb1/gt/BeautifulLife.png','cn','辽宁','大连',''),
('大连-5.cn','大连-5','http://epg.51zmt.top:8000/tb1/gt/BeautifulLife.png','cn','辽宁','大连',''),
('大连-6.cn','大连-6','http://epg.51zmt.top:8000/tb1/gt/BeautifulLife.png','cn','辽宁','大连',''),
('大连-7.cn','大连-7','http://epg.51zmt.top:8000/tb1/gt/BeautifulLife.png','cn','辽宁','大连',''),
('大连-8.cn','大连-8','http://epg.51zmt.top:8000/tb1/gt/BeautifulLife.png','cn','辽宁','大连',''),
('NewTV超级电视剧.NewTV','NewTV超级电视剧','cn','','','NewTV'),
('NewTV超级电视剧4M.NewTV','NewTV超级电视剧4M','cn','','','NewTV'),
('NewTV超级电影.NewTV','NewTV超级电影','cn','','','NewTV'),
('NewTV超级体育.NewTV','NewTV超级体育','cn','','','NewTV'),
('NewTV超级综艺.NewTV','NewTV超级综艺','cn','','','NewTV'),
('NewTV动作电影.NewTV','NewTV动作电影','cn','','','NewTV'),
('NewTV古装剧场.NewTV','NewTV古装剧场','cn','','','NewTV'),
('NewTV黑莓电竞.NewTV','NewTV黑莓电竞','cn','','','NewTV'),
('NewTV黑莓电影.NewTV','NewTV黑莓电影','cn','','','NewTV'),
('NewTV黑莓动画.NewTV','NewTV黑莓动画','cn','','','NewTV'),
('NewTV金牌综艺.NewTV','NewTV金牌综艺','cn','','','NewTV'),
('NewTV惊悚悬疑.NewTV','NewTV惊悚悬疑','cn','','','NewTV'),
('NewTV精品大剧.NewTV','NewTV精品大剧','cn','','','NewTV'),
('NewTV精品纪录.NewTV','NewTV精品纪录','cn','','','NewTV'),
('NewTV精品体育.NewTV','NewTV精品体育','cn','','','NewTV'),
('NewTV军旅剧场.NewTV','NewTV军旅剧场','cn','','','NewTV'),
('NewTV农业致富.NewTV','NewTV农业致富','cn','','','NewTV'),
('NewTV炫舞未来.NewTV','NewTV炫舞未来','cn','','','NewTV'),
('NewTV中国功夫.NewTV','NewTV中国功夫','cn','','','NewTV'),
('新视觉.SiTV','SiTV新视觉','cn','','','SiTV'),
('全纪实.SiTV','SiTV全纪实','cn','','','SiTV'),
('幸福彩.SiTV','SiTV幸福彩','cn','','','SiTV'),
('游戏风云.SiTV','SiTV游戏风云','cn','','','SiTV'),
('劲爆体育.SiTV','SiTV劲爆体育','cn','','','SiTV'),
('魅力足球.SiTV','SiTV魅力足球','cn','','','SiTV'),
('欢笑剧场.SiTV','SiTV欢笑剧场','cn','','','SiTV'),
('极速汽车.SiTV','SiTV极速汽车','cn','','','SiTV'),
('生活时尚.SiTV','SiTV生活时尚','cn','','','SiTV'),
('都市剧场.SiTV','SiTV都市剧场','cn','','','SiTV'),
('法治天地.SiTV','SiTV法治天地','cn','','','SiTV'),
('金色频道.SiTV','SiTV金色频道','cn','','','SiTV'),
('七彩戏剧.SiTV','SiTV七彩戏剧','cn','','','SiTV'),
('东方财经.SiTV','SiTV东方财经','cn','','','SiTV'),
('1.埋堆堆','埋堆堆1','cn','','','埋堆堆'),
('2.埋堆堆','埋堆堆1','cn','','','埋堆堆'),
('3.埋堆堆','埋堆堆1','cn','','','埋堆堆'),
('4.埋堆堆','埋堆堆1','cn','','','埋堆堆'),
('5.埋堆堆','埋堆堆1','cn','','','埋堆堆'),
('6.埋堆堆','埋堆堆1','cn','','','埋堆堆'),
('7.埋堆堆','埋堆堆1','cn','','','埋堆堆'),
('8.埋堆堆','埋堆堆1','cn','','','埋堆堆'),
('9.埋堆堆','埋堆堆1','cn','','','埋堆堆'),
('10.埋堆堆','埋堆堆1','cn','','','埋堆堆'),
('11.埋堆堆','埋堆堆1','cn','','','埋堆堆'),
('12.埋堆堆','埋堆堆1','cn','','','埋堆堆'),
('13.埋堆堆','埋堆堆1','cn','','','埋堆堆'),
('14.埋堆堆','埋堆堆1','cn','','','埋堆堆'),
('15.埋堆堆','埋堆堆1','cn','','','埋堆堆'),
('16.埋堆堆','埋堆堆1','cn','','','埋堆堆'),
('17.埋堆堆','埋堆堆1','cn','','','埋堆堆'),
('18.埋堆堆','埋堆堆1','cn','','','埋堆堆'),
('19.埋堆堆','埋堆堆1','cn','','','埋堆堆'),
('20.埋堆堆','埋堆堆1','cn','','','埋堆堆'),
('21.埋堆堆','埋堆堆1','cn','','','埋堆堆'),
('22.埋堆堆','埋堆堆1','cn','','','埋堆堆'),
('23.埋堆堆','埋堆堆1','cn','','','埋堆堆'),
('24.埋堆堆','埋堆堆1','cn','','','埋堆堆'),
('25.埋堆堆','埋堆堆1','cn','','','埋堆堆'),
('26.埋堆堆','埋堆堆1','cn','','','埋堆堆'),
('27.埋堆堆','埋堆堆1','cn','','','埋堆堆'),
('28.埋堆堆','埋堆堆1','cn','','','埋堆堆'),
('29.埋堆堆','埋堆堆1','cn','','','埋堆堆'),
('30.埋堆堆','埋堆堆1','cn','','','埋堆堆'),
('31.埋堆堆','埋堆堆1','cn','','','埋堆堆'),
('32.埋堆堆','埋堆堆1','cn','','','埋堆堆'),
('33.埋堆堆','埋堆堆1','cn','','','埋堆堆'),
('34.埋堆堆','埋堆堆1','cn','','','埋堆堆'),
('35.埋堆堆','埋堆堆1','cn','','','埋堆堆'),
('36.埋堆堆','埋堆堆1','cn','','','埋堆堆'),
('37.埋堆堆','埋堆堆1','cn','','','埋堆堆'),
('38.埋堆堆','埋堆堆1','cn','','','埋堆堆'),
('39.埋堆堆','埋堆堆1','cn','','','埋堆堆'),
('40.埋堆堆','埋堆堆1','cn','','','埋堆堆'),
('41.埋堆堆','埋堆堆1','cn','','','埋堆堆'),
('42.埋堆堆','埋堆堆1','cn','','','埋堆堆'),
('43.埋堆堆','埋堆堆1','cn','','','埋堆堆'),
('44.埋堆堆','埋堆堆1','cn','','','埋堆堆'),
('45.埋堆堆','埋堆堆1','cn','','','埋堆堆'),
('46.埋堆堆','埋堆堆1','cn','','','埋堆堆'),
('47.埋堆堆','埋堆堆1','cn','','','埋堆堆'),
('48.埋堆堆','埋堆堆1','cn','','','埋堆堆'),
('49.埋堆堆','埋堆堆1','cn','','','埋堆堆'),
('50.埋堆堆','埋堆堆1','cn','','','埋堆堆'),
('51.埋堆堆','埋堆堆1','cn','','','埋堆堆'),
('52.埋堆堆','埋堆堆1','cn','','','埋堆堆'),
('53.埋堆堆','埋堆堆1','cn','','','埋堆堆'),
('54.埋堆堆','埋堆堆1','cn','','','埋堆堆'),
('55.埋堆堆','埋堆堆1','cn','','','埋堆堆'),
('56.埋堆堆','埋堆堆1','cn','','','埋堆堆'),
('57.埋堆堆','埋堆堆1','cn','','','埋堆堆'),
('58.埋堆堆','埋堆堆1','cn','','','埋堆堆'),
('59.埋堆堆','埋堆堆1','cn','','','埋堆堆'),
('60.埋堆堆','埋堆堆1','cn','','','埋堆堆'),
('61.埋堆堆','埋堆堆1','cn','','','埋堆堆'),
('62.埋堆堆','埋堆堆1','cn','','','埋堆堆'),
('63.埋堆堆','埋堆堆1','cn','','','埋堆堆'),
('64.埋堆堆','埋堆堆1','cn','','','埋堆堆'),
('65.埋堆堆','埋堆堆1','cn','','','埋堆堆'),
('66.埋堆堆','埋堆堆1','cn','','','埋堆堆'),
('67.埋堆堆','埋堆堆1','cn','','','埋堆堆'),
('68.埋堆堆','埋堆堆1','cn','','','埋堆堆'),
('MIGU古天乐影院','MIGU古天乐影院','cn','','','咪咕'),
('MIGU成龙作品集','MIGU成龙作品集','cn','','','咪咕'),
('MIGU郭富城影院','MIGU郭富城影院','cn','','','咪咕'),
('MIGU张国荣影院','MIGU张国荣影院','cn','','','咪咕'),
('MIGU高分影院','MIGU高分影院','cn','','','咪咕'),
('MIGU周润发影院','MIGU周润发影院','cn','','','咪咕'),
('MIGU怀旧老片','MIGU怀旧老片','cn','','','咪咕'),
('MIGU周星驰影院','MIGU周星驰影院','cn','','','咪咕'),
('MIGU午夜失眠剧场','MIGU午夜失眠剧场','cn','','','咪咕'),
('MIGU吴京作品集','MIGU吴京作品集','cn','','','咪咕'),
('MIGU云上电影院','MIGU云上电影院','cn','','','咪咕'),
('MIGU每日科幻电影','MIGU每日科幻电影','cn','','','咪咕'),
('MIGU葛优作品集','MIGU葛优作品集','cn','','','咪咕'),
('MIGU刘德华影院','MIGU刘德华影院','cn','','','咪咕'),
('MIGU僵尸剧场','MIGU僵尸剧场','cn','','','咪咕'),
('MIGU刘亦菲影视展播','MIGU刘亦菲影视展播','cn','','','咪咕'),
('MIGUTVB剧场','MIGUTVB剧场','cn','','','咪咕'),
('MIGU金庸频道','MIGU金庸频道','cn','','','咪咕'),
('MIGU新片放映厅','MIGU新片放映厅','cn','','','咪咕'),
('MIGU盗墓方法论','MIGU盗墓方法论','cn','','','咪咕'),
('MIGU试胆大会','MIGU试胆大会','cn','','','咪咕'),
('MIGU高能烧脑时刻','MIGU高能烧脑时刻','cn','','','咪咕'),
('MIGU杨幂作品集','MIGU杨幂作品集','cn','','','咪咕'),
('MIGU4K剧场','MIGU4K剧场','cn','','','咪咕'),
('MIGU爱情公寓','MIGU爱情公寓','cn','','','咪咕'),
('MIGU军旅剧场','MIGU军旅剧场','cn','','','咪咕'),
('MIGUSNH48剧场公演','MIGUSNH48剧场公演','cn','','','咪咕'),
('MIGU红色谍战剧场','MIGU红色谍战剧场','cn','','','咪咕'),
('MIGU少林剧场','MIGU少林剧场','cn','','','咪咕'),
('MIGU神探狄仁杰','MIGU神探狄仁杰','cn','','','咪咕'),
('MIGU黄金剧场','MIGU黄金剧场','cn','','','咪咕'),
('MIGU追剧少女','MIGU追剧少女','cn','','','咪咕'),
('MIGU古龙作品集','MIGU古龙作品集','cn','','','咪咕'),
('MIGU经典贺岁片','MIGU经典贺岁片','cn','','','咪咕'),
('MIGU每日荐影','MIGU每日荐影','cn','','','咪咕'),
('MIGU武侠剧场','MIGU武侠剧场','cn','','','咪咕')
;
-- init country
insert into country values
('cn','中国')
;
-- init subdivision
insert into subdivision values
('河北','cn'),
('山西','cn'),
('辽宁','cn'),
('吉林','cn'),
('黑龙江','cn'),
('江苏','cn'),
('浙江','cn'),
('安徽','cn'),
('福建','cn'),
('江西','cn'),
('山东','cn'),
('河南','cn'),
('湖北','cn'),
('湖南','cn'),
('广东','cn'),
('海南','cn'),
('四川','cn'),
('贵州','cn'),
('云南','cn'),
('陕西','cn'),
('甘肃','cn'),
('青海','cn'),
('台湾','cn'),
('内蒙古','cn'),
('广西','cn'),
('西藏','cn'),
('宁夏','cn'),
('新疆','cn'),
('北京','cn'),
('天津','cn'),
('上海','cn'),
('重庆','cn'),
('香港','cn'),
('澳门','cn')
;
-- init city
insert into city values
('北京','北京'),
('天津','天津'),
('上海','上海'),
('重庆','重庆'),
('香港','香港'),
('澳门','澳门'),
('沈阳','辽宁'),
('大连','辽宁'),
('鞍山','辽宁'),
('抚顺','辽宁'),
('本溪','辽宁'),
('丹东','辽宁'),
('锦州','辽宁'),
('营口','辽宁'),
('阜新','辽宁'),
('辽阳','辽宁'),
('铁岭','辽宁'),
('朝阳','辽宁'),
('盘锦','辽宁'),
('葫芦岛','辽宁')
;